-- 菜单
INSERT INTO SYS_MENU (MENU_ID, MENU_NAME, TYPE_ID, PARENT_ID, LINK_TYPE, MENU_URL, OPEN_TYPE, MENU_ICON2, STATUS, IS_LEAF, SEQ)
VALUES('10001', '系统管理', 'SYSTEM', NULL, 'MENU', null, null, 'icon-settings32', '1', '0', 0);

INSERT INTO SYS_MENU (MENU_ID, MENU_NAME, TYPE_ID, PARENT_ID, LINK_TYPE, MENU_URL, OPEN_TYPE, STATUS, IS_LEAF, SEQ)
VALUES('1000101', '菜单管理', 'SYSTEM', '10001', 'MENU', null, null, '1', '0', 0);

INSERT INTO SYS_MENU (MENU_ID, MENU_NAME, TYPE_ID, PARENT_ID, LINK_TYPE, MENU_URL, OPEN_TYPE, MENU_ICON2, STATUS, IS_LEAF, SEQ)
VALUES('100010101', '菜单分类管理', 'SYSTEM', '1000101', 'PAGE', 'jsp/xianfeng/system/permit/menuType_list.jsp', null, 'icon-typemgr32', '1', '1', 0);

INSERT INTO SYS_MENU (MENU_ID, MENU_NAME, TYPE_ID, PARENT_ID, LINK_TYPE, MENU_URL, OPEN_TYPE, MENU_ICON2, STATUS, IS_LEAF, SEQ)
VALUES('100010102', '预置菜单管理', 'SYSTEM', '1000101', 'PAGE', 'jsp/xianfeng/system/permit/sysMenuMgr_tree.jsp', null, 'icon-preset32', '1', '1', 0);

-- 模块
INSERT INTO SYS_MODULE(MODULE_ID, MODULE_NAME, SEQ) 
VALUES('M1001', '系统管理', 1);

-- 功能
INSERT INTO SYS_FUNCTION(FUNCTION_ID, FUNCTION_NAME, MODULE_ID, PARENT_ID, SEQ)
VALUES('F100101', '菜单管理', 'M1001', NULL, 0);

INSERT INTO SYS_FUNCTION(FUNCTION_ID, FUNCTION_NAME, MODULE_ID, PARENT_ID, SEQ)
VALUES('F10010101', '菜单分类管理', 'M1001', 'F100101', 0);

INSERT INTO SYS_OPERATION (OPERATION_ID, OPERATION_NAME, TARGET, FUNCTION_ID, SEQ)
VALUES('O1001010101', '查询', 'jsp/xianfeng/system/permit/menuType_list.jsp', 'F10010101', 0);

INSERT INTO SYS_OPERATION (OPERATION_ID, OPERATION_NAME, TARGET, FUNCTION_ID, SEQ)
VALUES('O1001010102', '新增', 'system.menuType@insert', 'F10010101', 0);

INSERT INTO SYS_OPERATION (OPERATION_ID, OPERATION_NAME, TARGET, FUNCTION_ID, SEQ)
VALUES('O1001010103', '修改', 'system.menuType@update', 'F10010101', 0);

INSERT INTO SYS_OPERATION (OPERATION_ID, OPERATION_NAME, TARGET, FUNCTION_ID, SEQ)
VALUES('O1001010104', '删除', 'system.menuType@delete', 'F10010101', 0);

INSERT INTO SYS_OPERATION (OPERATION_ID, OPERATION_NAME, TARGET, FUNCTION_ID, SEQ)
VALUES('O1001010105', '菜单维护', 'jsp/xianfeng/system/permit/menuMgr_tree.jsp', 'F10010101', 0);

INSERT INTO SYS_ROLE_OPERATION(ROLE_ID, OPERATION_ID)
VALUES('SUPERADMIN', 'O1001010101');

INSERT INTO SYS_ROLE_OPERATION(ROLE_ID, OPERATION_ID)
VALUES('SUPERADMIN', 'O1001010102');

INSERT INTO SYS_ROLE_OPERATION(ROLE_ID, OPERATION_ID)
VALUES('SUPERADMIN', 'O1001010103');

INSERT INTO SYS_ROLE_OPERATION(ROLE_ID, OPERATION_ID)
VALUES('SUPERADMIN', 'O1001010104');

INSERT INTO SYS_ROLE_OPERATION(ROLE_ID, OPERATION_ID)
VALUES('SUPERADMIN', 'O1001010105');


-- 功能
INSERT INTO SYS_FUNCTION(FUNCTION_ID, FUNCTION_NAME, MODULE_ID, PARENT_ID, SEQ)
VALUES('F10010102', '预置菜单管理', 'M1001', 'F100101', 0);

-- 操作
INSERT INTO SYS_OPERATION (OPERATION_ID, OPERATION_NAME, TARGET, FUNCTION_ID, SEQ)
VALUES('O1001010201', '查询', 'jsp/xianfeng/system/permit/sysMenuMgr_tree.jsp', 'F10010102', 0);

INSERT INTO SYS_OPERATION (OPERATION_ID, OPERATION_NAME, TARGET, FUNCTION_ID, SEQ)
VALUES('O1001010202', '新增', 'system.menu@insert', 'F10010102', 0);

INSERT INTO SYS_OPERATION (OPERATION_ID, OPERATION_NAME, TARGET, FUNCTION_ID, SEQ)
VALUES('O1001010203', '修改', 'system.menu@update', 'F10010102', 0);

INSERT INTO SYS_OPERATION (OPERATION_ID, OPERATION_NAME, TARGET, FUNCTION_ID, SEQ)
VALUES('O1001010204', '删除', 'system.menu@delete', 'F10010102', 0);

INSERT INTO SYS_ROLE_OPERATION(ROLE_ID, OPERATION_ID)
VALUES('SUPERADMIN', 'O1001010201');

INSERT INTO SYS_ROLE_OPERATION(ROLE_ID, OPERATION_ID)
VALUES('SUPERADMIN', 'O1001010202');

INSERT INTO SYS_ROLE_OPERATION(ROLE_ID, OPERATION_ID)
VALUES('SUPERADMIN', 'O1001010203');

INSERT INTO SYS_ROLE_OPERATION(ROLE_ID, OPERATION_ID)
VALUES('SUPERADMIN', 'O1001010204');

-- 菜单
INSERT INTO SYS_MENU (MENU_ID, MENU_NAME, TYPE_ID, PARENT_ID, LINK_TYPE, MENU_URL, OPEN_TYPE, STATUS, IS_LEAF, SEQ)
VALUES('1000102', '用户管理', 'SYSTEM', '10001', 'MENU', null, null, '1', '0', 0);

INSERT INTO SYS_MENU (MENU_ID, MENU_NAME, TYPE_ID, PARENT_ID, LINK_TYPE, MENU_URL, OPEN_TYPE, MENU_ICON2, STATUS, IS_LEAF, SEQ)
VALUES('100010201', '用户账号管理', 'SYSTEM', '1000102', 'PAGE', 'jsp/xianfeng/system/permit/user_list.jsp', null, 'icon-user32', '1', '1', 0);

INSERT INTO SYS_MENU (MENU_ID, MENU_NAME, TYPE_ID, PARENT_ID, LINK_TYPE, MENU_URL, OPEN_TYPE, MENU_ICON2, STATUS, IS_LEAF, SEQ)
VALUES('100010202', '在线用户查询', 'SYSTEM', '1000102', 'PAGE', 'jsp/xianfeng/system/permit/userOnline_list.jsp', null, 'icon-useronline32', '1', '1', 0);

-- 功能
INSERT INTO SYS_FUNCTION(FUNCTION_ID, FUNCTION_NAME, MODULE_ID, PARENT_ID, SEQ)
VALUES('F100102', '用户管理', 'M1001', NULL, 0);

INSERT INTO SYS_FUNCTION(FUNCTION_ID, FUNCTION_NAME, MODULE_ID, PARENT_ID, SEQ)
VALUES('F10010201', '用户账号管理', 'M1001', 'F100102', 0);

-- 操作
INSERT INTO SYS_OPERATION (OPERATION_ID, OPERATION_NAME, TARGET, FUNCTION_ID, SEQ)
VALUES('O1001020101', '查询', 'jsp/xianfeng/system/permit/user_list.jsp', 'F10010201', 0);

INSERT INTO SYS_OPERATION (OPERATION_ID, OPERATION_NAME, TARGET, FUNCTION_ID, SEQ)
VALUES('O1001020102', '新增', 'system.user@insert', 'F10010201', 0);

INSERT INTO SYS_OPERATION (OPERATION_ID, OPERATION_NAME, TARGET, FUNCTION_ID, SEQ)
VALUES('O1001020103', '修改', 'system.user@update', 'F10010201', 0);

INSERT INTO SYS_OPERATION (OPERATION_ID, OPERATION_NAME, TARGET, FUNCTION_ID, SEQ)
VALUES('O1001020104', '删除', 'system.user@delete', 'F10010201', 0);

INSERT INTO SYS_ROLE_OPERATION(ROLE_ID, OPERATION_ID)
VALUES('SUPERADMIN', 'O1001020101');

INSERT INTO SYS_ROLE_OPERATION(ROLE_ID, OPERATION_ID)
VALUES('SUPERADMIN', 'O1001020102');

INSERT INTO SYS_ROLE_OPERATION(ROLE_ID, OPERATION_ID)
VALUES('SUPERADMIN', 'O1001020103');

INSERT INTO SYS_ROLE_OPERATION(ROLE_ID, OPERATION_ID)
VALUES('SUPERADMIN', 'O1001020104');

-- 功能
INSERT INTO SYS_FUNCTION(FUNCTION_ID, FUNCTION_NAME, MODULE_ID, PARENT_ID, SEQ)
VALUES('F10010202', '在线用户查询', 'M1001', 'F100102', 0);

-- 操作
INSERT INTO SYS_OPERATION (OPERATION_ID, OPERATION_NAME, TARGET, FUNCTION_ID, SEQ)
VALUES('O1001020201', '查询', 'jsp/xianfeng/system/permit/userOnline_list.jsp', 'F10010202', 0);

-- INSERT INTO SYS_ROLE_OPERATION(ROLE_ID, OPERATION_ID)
-- VALUES('SUPERADMIN', 'O1001020201');

-- 菜单
INSERT INTO SYS_MENU (MENU_ID, MENU_NAME, TYPE_ID, PARENT_ID, LINK_TYPE, MENU_URL, OPEN_TYPE, STATUS, IS_LEAF, SEQ)
VALUES('1000103', '权限管理', 'SYSTEM', '10001', 'MENU', null, null, '1', '0', 0);

INSERT INTO SYS_MENU (MENU_ID, MENU_NAME, TYPE_ID, PARENT_ID, LINK_TYPE, MENU_URL, OPEN_TYPE, MENU_ICON2, STATUS, IS_LEAF, SEQ)
VALUES('100010301', '功能管理', 'SYSTEM', '1000103', 'PAGE', 'jsp/xianfeng/system/permit/functionMgr_tree.jsp', null, 'icon-function32', '1', '1', 0);

INSERT INTO SYS_MENU (MENU_ID, MENU_NAME, TYPE_ID, PARENT_ID, LINK_TYPE, MENU_URL, OPEN_TYPE, MENU_ICON2, STATUS, IS_LEAF, SEQ)
VALUES('100010302', '角色管理', 'SYSTEM', '1000103', 'PAGE', 'jsp/xianfeng/system/permit/role_list.jsp', null, 'icon-role32', '1', '1', 0);

-- 功能
INSERT INTO SYS_FUNCTION(FUNCTION_ID, FUNCTION_NAME, MODULE_ID, PARENT_ID, SEQ)
VALUES('F100103', '权限管理', 'M1001', NULL, 0);

-- 操作
INSERT INTO SYS_FUNCTION(FUNCTION_ID, FUNCTION_NAME, MODULE_ID, PARENT_ID, SEQ)
VALUES('F10010301', '功能管理', 'M1001', 'F100103', 0);

INSERT INTO SYS_OPERATION (OPERATION_ID, OPERATION_NAME, TARGET, FUNCTION_ID, SEQ)
VALUES('O1001030101', '查询', 'jsp/xianfeng/system/permit/functionMgr_tree.jsp', 'F10010301', 0);

INSERT INTO SYS_OPERATION (OPERATION_ID, OPERATION_NAME, TARGET, FUNCTION_ID, SEQ)
VALUES('O1001030102', '新增', 'system.function@insert', 'F10010301', 0);

INSERT INTO SYS_OPERATION (OPERATION_ID, OPERATION_NAME, TARGET, FUNCTION_ID, SEQ)
VALUES('O1001030103', '修改', 'system.function@update', 'F10010301', 0);

INSERT INTO SYS_OPERATION (OPERATION_ID, OPERATION_NAME, TARGET, FUNCTION_ID, SEQ)
VALUES('O1001030104', '删除', 'system.function@delete', 'F10010301', 0);

INSERT INTO SYS_ROLE_OPERATION(ROLE_ID, OPERATION_ID)
VALUES('SUPERADMIN', 'O1001030101');

INSERT INTO SYS_ROLE_OPERATION(ROLE_ID, OPERATION_ID)
VALUES('SUPERADMIN', 'O1001030102');

INSERT INTO SYS_ROLE_OPERATION(ROLE_ID, OPERATION_ID)
VALUES('SUPERADMIN', 'O1001030103');

INSERT INTO SYS_ROLE_OPERATION(ROLE_ID, OPERATION_ID)
VALUES('SUPERADMIN', 'O1001030104');

-- 功能
INSERT INTO SYS_FUNCTION(FUNCTION_ID, FUNCTION_NAME, MODULE_ID, PARENT_ID, SEQ)
VALUES('F10010302', '角色管理', 'M1001', 'F100103', 0);

-- 操作
INSERT INTO SYS_OPERATION (OPERATION_ID, OPERATION_NAME, TARGET, FUNCTION_ID, SEQ)
VALUES('O1001030201', '查询', 'jsp/xianfeng/system/permit/role_list.jsp', 'F10010302', 0);

INSERT INTO SYS_OPERATION (OPERATION_ID, OPERATION_NAME, TARGET, FUNCTION_ID, SEQ)
VALUES('O1001030202', '新增', 'system.role@insert', 'F10010302', 0);

INSERT INTO SYS_OPERATION (OPERATION_ID, OPERATION_NAME, TARGET, FUNCTION_ID, SEQ)
VALUES('O1001030203', '修改', 'system.role@update', 'F10010302', 0);

INSERT INTO SYS_OPERATION (OPERATION_ID, OPERATION_NAME, TARGET, FUNCTION_ID, SEQ)
VALUES('O1001030204', '删除', 'system.role@delete', 'F10010302', 0);

INSERT INTO SYS_ROLE_OPERATION(ROLE_ID, OPERATION_ID)
VALUES('SUPERADMIN', 'O1001030201');

INSERT INTO SYS_ROLE_OPERATION(ROLE_ID, OPERATION_ID)
VALUES('SUPERADMIN', 'O1001030202');

INSERT INTO SYS_ROLE_OPERATION(ROLE_ID, OPERATION_ID)
VALUES('SUPERADMIN', 'O1001030203');

INSERT INTO SYS_ROLE_OPERATION(ROLE_ID, OPERATION_ID)
VALUES('SUPERADMIN', 'O1001030204');

-- 菜单
INSERT INTO SYS_MENU (MENU_ID, MENU_NAME, TYPE_ID, PARENT_ID, LINK_TYPE, MENU_URL, OPEN_TYPE, STATUS, IS_LEAF, SEQ)
VALUES('1000104', '门户管理', 'SYSTEM', '10001', 'MENU', null, null, '1', '0', 0);

INSERT INTO SYS_MENU (MENU_ID, MENU_NAME, TYPE_ID, PARENT_ID, LINK_TYPE, MENU_URL, OPEN_TYPE, MENU_ICON2, STATUS, IS_LEAF, SEQ)
VALUES('100010401', '首页管理', 'SYSTEM', '1000104', 'PAGE', 'jsp/xianfeng/system/portal/defaultPage_list.jsp', null, 'icon-home32', '1', '1', 0);

-- 功能
INSERT INTO SYS_FUNCTION(FUNCTION_ID, FUNCTION_NAME, MODULE_ID, PARENT_ID, SEQ)
VALUES('F100104', '门户管理', 'M1001', NULL, 0);

INSERT INTO SYS_FUNCTION(FUNCTION_ID, FUNCTION_NAME, MODULE_ID, PARENT_ID, SEQ)
VALUES('F10010401', '首页管理', 'M1001', 'F100104', 0);

-- 操作
INSERT INTO SYS_OPERATION (OPERATION_ID, OPERATION_NAME, TARGET, FUNCTION_ID, SEQ)
VALUES('O1001040101', '查询', 'jsp/xianfeng/system/portal/defaultPage_list.jsp', 'F10010401', 0);

INSERT INTO SYS_OPERATION (OPERATION_ID, OPERATION_NAME, TARGET, FUNCTION_ID, SEQ)
VALUES('O1001040102', '新增', 'system.defaultPage@insert', 'F10010401', 0);

INSERT INTO SYS_OPERATION (OPERATION_ID, OPERATION_NAME, TARGET, FUNCTION_ID, SEQ)
VALUES('O1001040103', '修改', 'system.defaultPage@update', 'F10010401', 0);

INSERT INTO SYS_OPERATION (OPERATION_ID, OPERATION_NAME, TARGET, FUNCTION_ID, SEQ)
VALUES('O1001040104', '删除', 'system.defaultPage@delete', 'F10010401', 0);

INSERT INTO SYS_ROLE_OPERATION(ROLE_ID, OPERATION_ID)
VALUES('SUPERADMIN', 'O1001040101');

INSERT INTO SYS_ROLE_OPERATION(ROLE_ID, OPERATION_ID)
VALUES('SUPERADMIN', 'O1001040102');

INSERT INTO SYS_ROLE_OPERATION(ROLE_ID, OPERATION_ID)
VALUES('SUPERADMIN', 'O1001040103');

INSERT INTO SYS_ROLE_OPERATION(ROLE_ID, OPERATION_ID)
VALUES('SUPERADMIN', 'O1001040104');

-- 菜单
INSERT INTO SYS_MENU (MENU_ID, MENU_NAME, TYPE_ID, PARENT_ID, LINK_TYPE, MENU_URL, OPEN_TYPE, STATUS, IS_LEAF, SEQ)
VALUES('1000199', '版本管理', 'SYSTEM', '10001', 'MENU', null, null, '1', '0', 99);

INSERT INTO SYS_MENU (MENU_ID, MENU_NAME, TYPE_ID, PARENT_ID, LINK_TYPE, MENU_URL, OPEN_TYPE, MENU_ICON2, STATUS, IS_LEAF, SEQ)
VALUES('100019901', '版本信息', 'SYSTEM', '1000199', 'PAGE', 'jsp/xianfeng/version.jsp', null, 'icon-abc32', '1', '1', 99);

-- 功能
INSERT INTO SYS_FUNCTION(FUNCTION_ID, FUNCTION_NAME, MODULE_ID, PARENT_ID, SEQ)
VALUES('F100199', '版本管理', 'M1001', NULL, 0);

INSERT INTO SYS_FUNCTION(FUNCTION_ID, FUNCTION_NAME, MODULE_ID, PARENT_ID, SEQ)
VALUES('F10019901', '版本信息', 'M1001', 'F100199', 0);

-- 操作
INSERT INTO SYS_OPERATION (OPERATION_ID, OPERATION_NAME, TARGET, FUNCTION_ID, SEQ)
VALUES('O1001990101', '查询', 'jsp/xianfeng/version.jsp', 'F10019901', 0);

INSERT INTO SYS_ROLE_OPERATION(ROLE_ID, OPERATION_ID)
VALUES('SUPERADMIN', 'O1001990101');

INSERT INTO SYS_ROLE_OPERATION(ROLE_ID, OPERATION_ID)
VALUES('ADMIN', 'O1001990101');
